{"_wandb":{"runtime":371484},"mfu":13.574310598449452,"_step":12276,"lr":3e-05,"iter":600000,"train/loss":0.26554885506629944,"_runtime":371483.386457702,"val/loss":0.2652147114276886,"_timestamp":1.742280188929257e+09}