{"lr":0,"_wandb":{"runtime":29},"_timestamp":1.7415734173203766e+09,"iter":0,"mfu":-100,"val/loss":3.756863594055176,"_runtime":28.593365994,"train/loss":3.7585368156433105,"_step":1}