{"_runtime":28.633575527,"val/loss":3.756863594055176,"lr":0,"mfu":-100,"_step":1,"iter":0,"_wandb":{"runtime":29},"train/loss":3.7585368156433105,"_timestamp":1.7415728923411212e+09}