{"_step":42,"train/loss":0.31850069761276245,"lr":0.00012786092500802445,"_runtime":477.03189757,"mfu":27.667783001018776,"iter":354050,"val/loss":0.31012850999832153,"_timestamp":1.7415714935670564e+09,"_wandb":{"runtime":484}}