{"_timestamp":1.7419060811476395e+09,"_runtime":33.110217846,"_step":0,"mfu":-100,"_wandb":{"runtime":33},"train/loss":3.5515706539154053,"iter":0,"val/loss":3.551934242248535,"lr":0}