{"_runtime":42.324100332,"val/loss":3.511775016784668,"mfu":28.07147817353906,"_timestamp":1.741483786112259e+09,"train/loss":1.8775350451469421,"iter":100,"_step":3,"_wandb":{"runtime":56},"lr":1.4999999999999999e-05}