{"_step":6,"mfu":27.564480782076338,"iter":376250,"val/loss":0.30828508734703064,"train/loss":0.3063899651169777,"_timestamp":1.741718232677699e+09,"_wandb":{"runtime":72},"lr":0.00011301029719761773,"_runtime":64.134781511}