{"train/loss":3.619209051132202,"lr":0,"iter":0,"_wandb":{"runtime":65},"val/loss":3.6193323135375977,"_timestamp":1.7419029858241167e+09,"_runtime":65.167500102,"mfu":-100,"_step":0}