{"lr":1.1999999999999999e-05,"iter":20,"_step":3,"_wandb":{"runtime":24},"mfu":28.12558868255514,"val/loss":3.5799484252929688,"_timestamp":1.7419072838783453e+09,"train/loss":2.5578196048736572,"_runtime":22.059424085}