{"_step":532,"_wandb":{"runtime":23},"_runtime":22.011361009,"iter":376000,"train/loss":0.30625516176223755,"lr":0.00011317397221542746,"mfu":-100,"_timestamp":1.7422199818945305e+09,"val/loss":0.30766749382019043}