{"_wandb":{"runtime":42},"iter":0,"_timestamp":1.7414747097287774e+09,"mfu":-100,"val/loss":3.5712225437164307,"lr":0,"_step":0,"_runtime":42.09745993,"train/loss":3.5711050033569336}