{"_runtime":85.712751845,"mfu":26.948961432381775,"_wandb":{"runtime":87},"val/loss":3.7091305255889893,"lr":0.00011999999999999999,"_step":17,"_timestamp":1.7414831372927532e+09,"iter":800,"train/loss":0.9719966053962708}