{"_runtime":24437.528734169,"train/loss":0.3114587962627411,"val/loss":0.3134469985961914,"iter":40000,"mfu":28.83026657460053,"_timestamp":1.7415980306780944e+09,"_wandb":{"runtime":24438},"lr":0.0002973188227593776,"_step":810}