{"train/loss":1.195471167564392,"_timestamp":1.741906687874007e+09,"_step":12,"iter":550,"_wandb":{"runtime":544},"mfu":28.469252642583115,"val/loss":3.551934242248535,"_runtime":505.946948635,"lr":8.249999999999999e-05}