{"train/loss":3.5146987438201904,"_step":1,"val/loss":3.511775016784668,"mfu":-100,"lr":0,"_wandb":{"runtime":20},"_timestamp":1.7414837154643095e+09,"_runtime":8.381079019,"iter":0}