{"_timestamp":1.741572828750063e+09,"lr":0,"iter":0,"_runtime":28.662359015,"mfu":-100,"_wandb":{"runtime":29},"_step":1,"val/loss":3.756863594055176,"train/loss":3.7585368156433105}