{"iter":50,"_wandb":{"runtime":57},"_runtime":50.237890044,"_timestamp":1.7415727245613708e+09,"train/loss":1.8952765464782715,"mfu":29.150554939779276,"_step":2,"lr":0.00015,"val/loss":3.7568230628967285}