{"train/loss":3.5515706539154053,"_runtime":33.18841906,"_wandb":{"runtime":33},"_step":0,"_timestamp":1.741904640950293e+09,"val/loss":3.551934242248535,"lr":0,"mfu":-100,"iter":0}