{"_runtime":64.182842361,"val/loss":3.7568230628967285,"_wandb":{"runtime":102},"lr":7.499999999999999e-06,"_timestamp":1.7415716653595617e+09,"iter":50,"train/loss":1.9962955713272095,"_step":2,"mfu":29.977949627865424}