{"_runtime":20.609227909,"val/loss":3.7568230628967285,"train/loss":3.7590372562408447,"lr":0,"iter":0,"mfu":-100,"_wandb":{"runtime":26},"_timestamp":1.7415715674460444e+09,"_step":1}