{"lr":0,"train/loss":3.5800225734710693,"_step":0,"_runtime":37.632444311,"val/loss":3.5799484252929688,"_wandb":{"runtime":38},"mfu":-100,"iter":0,"_timestamp":1.741903408522929e+09}