{"lr":3e-05,"iter":600000,"_step":5070,"_wandb":{"runtime":100796},"train/loss":0.28437140583992004,"mfu":25.19098012857974,"_timestamp":1.742320794569451e+09,"_runtime":100795.297313209,"val/loss":0.2944056987762451}