{"train/loss":1.9209476709365845,"val/loss":3.58000111579895,"mfu":27.805988984987994,"_wandb":{"runtime":31},"lr":1.4999999999999999e-05,"_step":3,"_timestamp":1.7414833749506242e+09,"_runtime":28.752913827,"iter":100}