{"train/loss":1.5003472566604614,"_timestamp":1.7431053209755216e+09,"lr":4.4999999999999996e-05,"mfu":30.14602736569113,"_wandb":{"runtime":614},"iter":300,"_runtime":605.254565653,"_step":7,"val/loss":3.7203598022460938}