{"mfu":10.901951251032674,"iter":352150,"train/loss":0.313801534473896,"_step":4,"_timestamp":1.7415709507094343e+09,"lr":0.00012915828125634597,"_runtime":111.200111026,"val/loss":0.31012850999832153,"_wandb":{"runtime":115}}