{"val/loss":0.30828508734703064,"train/loss":0.29530662298202515,"_step":9,"_timestamp":1.7419075333135717e+09,"iter":376050,"_wandb":{"runtime":24},"lr":0.00011314123005103063,"_runtime":21.74969228,"mfu":27.889612730067398}