{"_wandb":{"runtime":832},"_runtime":758.15240668,"iter":250,"train/loss":1.58695650100708,"lr":3.75e-05,"_step":6,"val/loss":3.7490780353546143,"_timestamp":1.7431061053828812e+09,"mfu":30.22480368046006}