{"_wandb":{"runtime":188818},"_runtime":188817.242851319,"val/loss":0.272485613822937,"train/loss":0.26580914855003357,"lr":3e-05,"_timestamp":1.7419008098024607e+09,"_step":8425,"iter":600000,"mfu":25.425805212287862}