{"train/loss":3.5811619758605957,"mfu":-100,"_timestamp":1.7414834644318888e+09,"_step":1,"iter":0,"_wandb":{"runtime":11},"lr":0,"_runtime":6.866022211,"val/loss":3.5799832344055176}