{"val/loss":3.609523296356201,"lr":0,"_runtime":11.382944136,"mfu":-100,"_timestamp":1.7423330839638405e+09,"iter":0,"_step":1,"_wandb":{"runtime":15},"train/loss":3.6054816246032715}