{"val/loss":3.7203595638275146,"lr":0,"_wandb":{"runtime":30},"_step":1,"mfu":-100,"_runtime":29.754012101,"_timestamp":1.7430979980891297e+09,"train/loss":3.7430105209350586,"iter":0}