{"val/loss":3.58000111579895,"train/loss":1.9139567613601685,"_step":3,"_timestamp":1.7414835090661652e+09,"iter":100,"lr":1.4999999999999999e-05,"mfu":27.460249417605926,"_runtime":29.182293546,"_wandb":{"runtime":30}}