{"train/loss":1.4889389276504517,"_wandb":{"runtime":445},"_step":8,"_timestamp":1.7423312666208658e+09,"iter":350,"val/loss":3.609523296356201,"lr":5.2499999999999995e-05,"mfu":31.336069451653792,"_runtime":436.823688439}