{"train/loss":1.1452383995056152,"_runtime":163.637309436,"_step":25,"_timestamp":1.7415724382079742e+09,"iter":240,"mfu":29.14766614450826,"val/loss":3.7568230628967285,"_wandb":{"runtime":164},"lr":0.00029999996371711215}