{"mfu":-100,"_step":0,"val/loss":3.6193323135375977,"_timestamp":1.7419030652901378e+09,"train/loss":3.619209051132202,"lr":0,"iter":0,"_runtime":65.088912906,"_wandb":{"runtime":65}}