{"_timestamp":1.7414833956245728e+09,"_runtime":8.591625308,"_wandb":{"runtime":17},"_step":1,"iter":0,"lr":0,"mfu":-100,"val/loss":3.5799694061279297,"train/loss":3.5815460681915283}