{"_runtime":731617.432396025,"lr":3e-05,"_step":12151,"iter":600000,"mfu":28.457318093394353,"train/loss":0.24314415454864502,"_wandb":{"runtime":731617},"_timestamp":1.7430647214697478e+09,"val/loss":0.25828754901885986}