{"iter":150,"_wandb":{"runtime":51},"_step":4,"val/loss":3.58000111579895,"_timestamp":1.7414831946013064e+09,"mfu":27.485596503033356,"lr":2.2499999999999998e-05,"train/loss":1.765746831893921,"_runtime":40.723003419}