{"val/loss":3.739255666732788,"lr":1.3499999999999998e-06,"train/loss":3.230695962905884,"_wandb":{"runtime":33},"iter":9,"_timestamp":1.743106327423497e+09,"_step":10,"mfu":27.696206402776426,"_runtime":32.369939476}