{"_timestamp":1.7417348866670654e+09,"mfu":31.91321346369971,"iter":20000,"val/loss":0.34126168489456177,"train/loss":0.3389512598514557,"lr":0.00029939685392107415,"_runtime":16470.275891221,"_wandb":{"runtime":0},"_step":405}