{"_runtime":16470.275891221,"_step":405,"iter":20000,"mfu":31.91321346369971,"_wandb":{"runtime":16471},"train/loss":0.3389512598514557,"val/loss":0.34126168489456177,"lr":0.00029939685392107415,"_timestamp":1.7417348866670654e+09}