{"mfu":-100,"_runtime":26.382279574000002,"train/loss":3.7397162914276123,"lr":0,"_wandb":{"runtime":27},"_step":0,"_timestamp":1.7431062624284449e+09,"iter":0,"val/loss":3.7397189140319824}