{"_step":3,"_wandb":{"runtime":25},"iter":100,"val/loss":3.7099344730377197,"_timestamp":1.7414830138892593e+09,"lr":1.4999999999999999e-05,"_runtime":22.451214034,"mfu":25.205186249753975,"train/loss":1.9870001077651978}