{"_runtime":108.83791685,"iter":150,"_wandb":{"runtime":113},"lr":2.2499999999999998e-05,"val/loss":3.5711519718170166,"train/loss":1.780428409576416,"_timestamp":1.7414756306931894e+09,"_step":4,"mfu":13.285351345899585}